client,country,rating,review_age,category,price,duration,review_summary
silvandiepen,Malta,5,2 years ago,Cross-Platform Development,"Up to PKR14,000",1 day,"Great communication, fast help, strong delivery."
yunussahin1,Germany,5,2 years ago,Cross-Platform Development,"PKR14,000-PKR28,000",1 day,Very good work.
yunussahin1,Germany,5,2 years ago,Cross-Platform Development,"Up to PKR14,000",2 days,Very fast and very good delivery.
devin_lester,United Kingdom,5,2 years ago,,"PKR28,000-PKR56,000",1 day,Impressive frontend work and easy collaboration.
weissclick,Germany,5,2 years ago,Cross-Platform Development,"PKR28,000-PKR56,000",1 day,Very good developer with strong output.
weissclick,Germany,5,2 years ago,Cross-Platform Development,"PKR14,000-PKR28,000",1 day,Nice job; client enjoyed working with you.
devin_lester,United Kingdom,5,2 years ago,Full Stack Web Applications,"Up to PKR14,000",1 day,Quick completion and good communication.
weissclick,Germany,5,2 years ago,Cross-Platform Development,"PKR14,000-PKR28,000",6 days,Good job; client planned to order again.
devin_lester,United Kingdom,5,2 years ago,Cross-Platform Development,"Up to PKR14,000",1 day,"Clean code, problem-solving, no bugs, highly recommended."
weissclick,Germany,5,2 years ago,Cross-Platform Development,"Up to PKR14,000",4 days,Good code structure and nice results.
devin_lester,United Kingdom,5,2 years ago,Full Stack Web Applications,"Up to PKR14,000",1 day,Went above expectations and was very helpful.
devin_lester,United Kingdom,5,2 years ago,Full Stack Web Applications,"Up to PKR14,000",1 day,"Helpful, responsive, worked harder than expected."
weissclick,Germany,5,2 years ago,Cross-Platform Development,"PKR28,000-PKR56,000",6 days,Nice development; client planned repeat order.
weissclick,Germany,5,2 years ago,Cross-Platform Development,"Up to PKR14,000",1 day,Very good and very fast developer.
user90513046,Canada,5,2 years ago,Full Stack Web Applications,"Up to PKR14,000",1 day,"Knowledgeable, efficient, clean responsive code."
user90513046,Canada,5,2 years ago,Full Stack Web Applications,"Up to PKR14,000",1 day,Easy communication and fast delivery.
mr_ismael,Nigeria,5,2 years ago,Cross-Platform Development,"Up to PKR14,000",4 days,Great seller.
devin_lester,United Kingdom,5,2 years ago,Cross-Platform Development,"Up to PKR14,000",1 day,Happy with delivery and post-delivery support.
lstanley90,United States,5,4 years ago,Cross-Platform Development,,,Great work and excellent communication.
saal93,Belgium,5,4 years ago,Cross-Platform Development,,,Strong recommendation.
espressodaily,United States,5,4 years ago,Full Stack Web Applications,,,Easy communication and prompt delivery.
espressodaily,United States,5,4 years ago,Full Stack Web Applications,,,Provided demo before quote and handled revisions well.
mattjohnsen,United States,5,5 years ago,,,,"Clean, commented code; complex scraping delivered well."
gustavobrian,Spain,4.7,5 years ago,Full Stack Web Applications,,,Positive repeat feedback.
gustavobrian,Spain,5,5 years ago,Full Stack Web Applications,,,"Great work, on time."
mattjohnsen,United States,5,5 years ago,Full Stack Web Applications,,,Strong Vue/JavaScript skills and fast delivery.
gustavobrian,Spain,5,5 years ago,Full Stack Web Applications,,,Client was delighted with the work.
gustavobrian,Spain,4.3,5 years ago,Full Stack Web Applications,,,"Nice, quick, clean work."
mrcrash,United Kingdom,5,5 years ago,,,,Fantastic work.
specialman,Nigeria,5,5 years ago,Full Stack Web Applications,,,Consistently nice work.
specialman,Nigeria,5,5 years ago,Full Stack Web Applications,,,Nice work.
specialman,Nigeria,5,5 years ago,Full Stack Web Applications,,,Nice work.
mahirdar,United Kingdom,5,5 years ago,Full Stack Web Applications,,,"Excellent work, skilled, prompt communication."
scottclaran,United States,5,6 years ago,Full Stack Web Applications,,,Good work at a good price.
kininvestments,United States,,,SuiteCRM / Business Automation,,,Created a customized quote-to-order-to-invoice flow with product line item change detection; resolved SuiteCRM hosting issues.
michaelh622,Germany,5,,SuiteCRM,"Up to PKR22,000",6 days,"Shahab delivered an outstanding experience from start to finish — proactive, communicative, and deeply committed to achieving the best possible result. If you want a true star who will genuinely fight for your success, here you are."
